{"loss": [0.013823221437633038], "val_loss": [0.020152408629655838]}