{"loss": [0.030507436022162437], "val_loss": [0.022595655173063278]}