{"loss": [0.015651818364858627], "val_loss": [0.019191225990653038]}