{"loss": [0.012603593990206718], "val_loss": [0.021719079464673996]}