{"loss": [0.017398733645677567], "val_loss": [0.018912917003035545]}