{"loss": [0.010000180453062057], "val_loss": [0.019521569833159447]}