{"loss": [0.00922027975320816], "val_loss": [0.019771941006183624]}