{"loss": [0.01027983333915472], "val_loss": [0.02134891040623188]}