{"loss": [0.012189345434308052], "val_loss": [0.019979963079094887]}