{"loss": [0.013920650817453861], "val_loss": [0.021375108510255814]}