{"loss": [0.010898321866989136], "val_loss": [0.02143251709640026]}