{"loss": [0.008652427233755589], "val_loss": [0.019626444205641747]}