{"loss": [0.010803582146763802], "val_loss": [0.01915046200156212]}