{"loss": [0.02815573662519455], "val_loss": [0.0195939801633358]}