{"loss": [0.008232653141021729], "val_loss": [0.019863411784172058]}