{"loss": [0.015375906601548195], "val_loss": [0.02195753902196884]}