{"loss": [0.01961897872388363], "val_loss": [0.021096568554639816]}