{"loss": [0.010818328708410263], "val_loss": [0.020307118073105812]}