{"loss": [0.00994674488902092], "val_loss": [0.019106190651655197]}