{"loss": [0.02855241484940052], "val_loss": [0.020749829709529877]}