{"loss": [0.01771598681807518], "val_loss": [0.021362939849495888]}