{"loss": [0.016081715002655983], "val_loss": [0.02006152831017971]}