{"loss": [0.012248151935636997], "val_loss": [0.01864573359489441]}