{"loss": [0.008523923344910145], "val_loss": [0.020497579127550125]}