{"loss": [0.018120117485523224], "val_loss": [0.02160535380244255]}