{"loss": [0.013184849172830582], "val_loss": [0.018487701192498207]}