{"loss": [0.011091308668255806], "val_loss": [0.019644681364297867]}