{"loss": [0.01454735454171896], "val_loss": [0.018762031570076942]}