{"loss": [0.008796188980340958], "val_loss": [0.019108397886157036]}