{"loss": [0.00938976090401411], "val_loss": [0.01878172904253006]}