{"loss": [0.008707117289304733], "val_loss": [0.01995561458170414]}