{"loss": [0.00935465469956398], "val_loss": [0.020659837871789932]}