{"loss": [0.011605811305344105], "val_loss": [0.018196647986769676]}