{"loss": [0.00891148578375578], "val_loss": [0.017375392839312553]}