{"loss": [0.006524922326207161], "val_loss": [0.016539186239242554]}