{"loss": [0.00475478358566761], "val_loss": [0.017424434423446655]}