{"loss": [0.0036740489304065704], "val_loss": [0.017532087862491608]}