{"loss": [0.10532413423061371], "val_loss": [0.055979058146476746]}