{"loss": [0.01694946177303791], "val_loss": [0.021395616233348846]}