{"loss": [0.023884516209363937], "val_loss": [0.022572174668312073]}