{"loss": [0.013123678974807262], "val_loss": [0.018807297572493553]}