{"loss": [0.033607788383960724], "val_loss": [0.03454510495066643]}