{"loss": [0.033021654933691025], "val_loss": [0.03171711415052414]}