{"loss": [0.02284359745681286], "val_loss": [0.019201448187232018]}