{"loss": [0.03536495193839073], "val_loss": [0.035802263766527176]}