{"loss": [0.03504970669746399], "val_loss": [0.03536180406808853]}