{"loss": [0.03573392331600189], "val_loss": [0.035295989364385605]}