{"loss": [0.038565494120121], "val_loss": [0.03808435797691345]}