{"loss": [0.03522561490535736], "val_loss": [0.03558371588587761]}