{"loss": [0.02060539275407791], "val_loss": [0.023368947207927704]}