{"loss": [0.03641870245337486], "val_loss": [0.03631903603672981]}