{"loss": [0.03523576259613037], "val_loss": [0.03699120506644249]}