{"loss": [0.031272970139980316], "val_loss": [0.026157986372709274]}