{"loss": [0.023694725707173347], "val_loss": [0.026346102356910706]}