{"loss": [0.009904839098453522], "val_loss": [0.040057793259620667]}