{"loss": [0.04651191458106041], "val_loss": [0.049192529171705246]}