{"loss": [0.012743908911943436], "val_loss": [0.0433291494846344]}