{"loss": [0.005929998122155666], "val_loss": [0.042188774794340134]}