{"loss": [0.0521680973470211], "val_loss": [0.05339929834008217]}