{"loss": [0.11347272992134094], "val_loss": [0.060110557824373245]}