{"loss": [0.003705765586346388], "val_loss": [0.04701836779713631]}