{"loss": [0.05925258994102478], "val_loss": [0.0548643097281456]}