{"loss": [0.03000023402273655], "val_loss": [0.0444243848323822]}