{"loss": [0.008553928695619106], "val_loss": [0.04217613860964775]}