{"loss": [0.05438128486275673], "val_loss": [0.053596507757902145]}