{"loss": [0.04186167195439339], "val_loss": [0.04583749175071716]}