{"loss": [0.004514581058174372], "val_loss": [0.04514732211828232]}