{"loss": [0.017670268192887306], "val_loss": [0.040544796735048294]}