{"loss": [0.02179316058754921], "val_loss": [0.0414682999253273]}