{"loss": [0.10547972470521927], "val_loss": [0.06707224249839783]}