{"loss": [0.004422858823090792], "val_loss": [0.0441267192363739]}