{"loss": [0.11629341542720795], "val_loss": [0.05856155976653099]}