{"loss": [0.00661157863214612], "val_loss": [0.044577084481716156]}