{"loss": [0.017101820558309555], "val_loss": [0.021184027194976807]}