{"loss": [0.009717709384858608], "val_loss": [0.022750888019800186]}