{"loss": [0.011489667929708958], "val_loss": [0.02091364562511444]}