{"loss": [0.0112043097615242], "val_loss": [0.016859332099556923]}