{"loss": [0.010431086644530296], "val_loss": [0.018601318821310997]}