{"loss": [0.014313483610749245], "val_loss": [0.016864193603396416]}