{"loss": [0.015594149008393288], "val_loss": [0.019862661138176918]}