{"loss": [0.012445623986423016], "val_loss": [0.01645088940858841]}