{"loss": [0.01652630977332592], "val_loss": [0.017960714176297188]}