{"loss": [0.0304561760276556], "val_loss": [0.019034722819924355]}