{"loss": [0.029688114300370216], "val_loss": [0.02008461020886898]}