{"loss": [0.013814931735396385], "val_loss": [0.018396075814962387]}