{"loss": [0.03494824841618538], "val_loss": [0.03468076512217522]}