{"loss": [0.012414561584591866], "val_loss": [0.018211420625448227]}