{"loss": [0.016259172931313515], "val_loss": [0.019508784636855125]}