{"loss": [0.014669103547930717], "val_loss": [0.020990319550037384]}