{"loss": [0.015040445141494274], "val_loss": [0.019645677879452705]}