{"loss": [0.03427429869771004], "val_loss": [0.03497667983174324]}