{"loss": [0.034903451800346375], "val_loss": [0.03473067283630371]}