{"loss": [0.033959683030843735], "val_loss": [0.035163599997758865]}