{"loss": [0.034398943185806274], "val_loss": [0.03424835577607155]}