{"loss": [0.035126928240060806], "val_loss": [0.03564650937914848]}