{"loss": [0.03573586046695709], "val_loss": [0.0355377160012722]}