{"loss": [0.03314836695790291], "val_loss": [0.03321211785078049]}