{"loss": [0.03865310549736023], "val_loss": [0.03745090216398239]}