{"loss": [0.013804812915623188], "val_loss": [0.021988045424222946]}