{"loss": [0.031057626008987427], "val_loss": [0.023010969161987305]}