{"loss": [0.03647932410240173], "val_loss": [0.036382682621479034]}