{"loss": [0.01895340345799923], "val_loss": [0.019633710384368896]}